abnormal,-1
absen,-1
absurd,-1
acerbic,-1
adaptif,1
adil,1
advokat,1
afinitas,1
afirmasi,1
agresi,-1
agresif,-1
agresivitas,-1
agresor,-1
agrivation,-1
agung,1
ahli,1
aib,-1
ajaib,1
akal,1
aklamasi,1
akomodatif,1
akurat,1
alarm,-1
alasan,-1
alergi,-1
altruistis,1
aman,1
amat,1
ambigu,-1
ambisius,1
ambivalen,-1
ambivalensi,-1
amoralitas,-1
amuk,-1
anarki,-1
anarkis,-1
anarkisme,-1
ancaman,-1
andal,1
aneh,1
aneh,-1
anehnya,-1
anemia,-1
anggun,1
angkuh,-1
anomali,-1
antagonis,-1
antagonisme,-1
antek,-1
anti-,-1
anti-Amerika,-1
anti-israeli,-1
anti-kita,-1
antipati,-1
anti-pekerjaan,-1
anti-proliferasi,-1
anti-putih,-1
anti-semit,-1
antisosial,-1
antitesis,-1
antusias,1
antusiasme,1
apak,-1
apati,-1
apatis,-1
apek,-1
apik,1
apokaliptik,-1
apresiatif,1
argumentatif,-1
artinya,-1
asam,-1
asap,-1
asing,-1
asininely,-1
asli,1
aspersi,-1
aspirasi,1
assult,-1
asusila,-1
atrophia,-1
autentik,1
awan,-1
bÃ©da,-1
babi,-1
backaching,-1
badai,-1
Bagus,1
bagus,1
bahagia,1
bahaya,-1
baik,1
Baik,1
baiklah,1
baji,-1
bajingan,-1
bakat,1
bakat,-1
bakiak,-1
bandel,-1
bandot,-1
bangga,1
bangkrut,-1
banteng****,-1
banteng----,-1
bantingan,-1
bantuan,1
banyak,1
barbar,-1
bashing,-1
basi,-1
batal,-1
batalkan,-1
batas,-1
batasan,-1
batin,-1
bau,-1
bawahan,-1
bayangan,-1
beban,-1
bejat,-1
bekas,-1
bekerja,1
beku,-1
belerang,-1
belitan,-1
bellicose,-1
benar,1
bencana,-1
benci,-1
bengah,-1
bengis,-1
bengkak,-1
bengkok,-1
benjolan,-1
bentrokan,-1
beracun,-1
beragam,1
berakhir,-1
beralasan,1
berang,-1
berani,1
berani,-1
berantakan,-1
berapi,1
berarti,1
berat,-1
berawan,-1
berbahaya,-1
berbakat,1
berbakat,-1
berbatu,-1
berbau,-1
berbeda,-1
berbelit-belit,-1
berbisa,-1
berbohong,-1
berbuih,-1
bercahaya,1
bercita-cita,1
berdalih,-1
berdarah,-1
berdebar,1
berdebu,-1
berdedikasi,1
berdengung,-1
berdenyut,-1
berderak,-1
berderit,-1
berdetak,-1
berdosa,-1
berduka,-1
berduri,-1
berdusta,-1
berebut,-1
berempati,1
bergaira,1
bergairah,1
bergairah,-1
bergaya,1
bergegas,-1
bergelombang,-1
bergema,1
bergengsi,1
bergerigi,-1
bergetar,-1
bergolak,-1
bergulat,-1
berguna,1
berhalusinasi,-1
berharga,1
berhasil,1
berisik,-1
berisiko,-1
berjaga,-1
berjaya,1
berjuang,-1
berkarat,-1
berkat,1
berkedip,-1
berkeinginan,1
berkelanjutan,1
berkelas,1
berkelip-kelip,1
berkembang,1
berkenan,-1
berkeringat,-1
berkerut,-1
berkhayal,-1
berkhotbah,-1
berkilau,1
berkilau,-1
berkilauan,1
berkolusi,-1
berkotek,-1
berkubang,-1
berkurang,-1
berlangganan,-1
berlawanan,-1
berlebihan,-1
berlemak,-1
berlepotan,-1
berlimpah,1
berlumpur,-1
bermacam-macam,-1
bermanfaat,1
bermanuver,1
bermartabat,1
bermasalah,-1
berminyak,-1
bermuram,-1
bermusuhan,-1
bernilai,1
berombak,-1
berongga,-1
berpendidikan,1
berpengalaman,1
berpengaruh,1
berperang,-1
berpetak-petak,-1
berpikir,1
berprasangka,-1
berprestasi,1
berprinsip,1
berpura-pura,-1
bersabun,-1
bersaing,-1
bersakit,-1
bersalah,-1
bersanding,-1
bersatu,1
bersekongkol,-1
berselang,-1
bersemangat,1
bersemangat,-1
bersembunyi,-1
bersenandung,-1
bersenang-senang,1
berseri,1
bersih,1
bersikeras,-1
bersinar,1
bersisik,-1
bersorak,1
bersungut-sungut,-1
bersyukur,1
bertakhyul,-1
bertanya-tanya,1
bertekun,1
bertele-tele,-1
bertengkar,-1
bertentangan,-1
berteriak,-1
berterimakasih,1
bertiga,-1
bertingkah,-1
berubah-ubah,-1
berulang-ulang,-1
beruntung,1
berusaha,1
berwibawa,1
biadab,-1
bias,-1
biasa,-1
bidaah,-1
bijaksana,1
bijaksana,-1
bikinan,-1
bimbang,-1
bimbingan,1
binasa,-1
bingung,-1
bintang,1
Bizantium,-1
bla,-1
blockbuster,1
bobrok,-1
bocor,-1
bodoh,-1
bodohnya,-1
bohong,-1
bom,-1
bombastis,-1
boneka,-1
bonus,1
booming,1
boros,1
boros,-1
bosan,-1
bowdlerize,-1
bragger,-1
bravo,1
brengsek,-1
brutal,-1
bs,-1
bual,-1
buas,-1
budak,-1
bug,-1
bulkier,-1
bullish,1
bulu,-1
buntu,-1
buram,-1
buritan,-1
buronan,-1
buruk,-1
busuk,-1
buta,-1
cabul,-1
cacat,-1
cacian,-1
cahaya,1
cakap,1
calo,-1
cambuk,-1
canggih,1
canggung,-1
cantik,1
Cantik,1
cara,-1
casanova,-1
cebol,-1
cedera,-1
cekatan,1
cekcok,-1
cekung,-1
celaan,-1
celah,-1
celaka,-1
cemas,1
cemas,-1
cemberut,-1
cemburu,-1
cemerlang,1
cemooh,-1
cemoohan,-1
cengeng,-1
cengking,-1
cepat,1
cepat,-1
cerah,1
cercaan,-1
cerdas,1
cerdik,1
cerdik,-1
ceria,1
cermat,1
ceroboh,-1
chic,1
chintzy,-1
cinta,1
cocok,1
compang-camping,-1
concen,-1
contoh,1
contortions,-1
convient,1
corrosions,-1
craps,-1
crash,-1
cukup,1
culun,1
cuplrit,-1
curam,-1
curang,-1
curiga,-1
damai,1
dangkal,-1
danke,1
danken,1
deadbeat,-1
debaser,-1
debaucher,-1
debu,-1
defensif,-1
degenerasi,-1
degil,-1
degradasi,-1
dehumanisasi,-1
dekaden,-1
dekadensi,-1
delusi,-1
demam,-1
demoralisasi,-1
dendam,-1
Dendeng,-1
dengki,-1
denyutan,-1
depresi,-1
derita,-1
dermawan,1
desersi,-1
desis,-1
despoiler,-1
despotisme,-1
destabilisasi,-1
Destains,-1
destruktif,-1
deviasi,-1
dewasa,1
diacak,-1
diakui,1
diam,1
diam,-1
diam-diam,-1
diametral,-1
diappointed,-1
dibakar,-1
dibantai,-1
dibatalkan,-1
dibebaskan,1
dibedakan,1
dibenci,-1
diberhentikan,-1
diberikan,1
dibersihkan,1
dibuang,-1
dibuat-buat,-1
dibumbui,1
dicela,-1
dicerca,-1
dicintai,1
dicuci,-1
dicuri,-1
didapat,1
didukung,1
diejek,-1
digantung,-1
dihaluskan,-1
dihancurkan,-1
dihargai,1
dihentikan,-1
Dihilangkan,1
dihormati,1
diidolakan,1
diinginkan,1
diizinkan,1
dijanjikan,1
dijauhi,-1
dikaburkan,-1
dikagumi,1
dikalahkan,1
dikebiri,-1
dikelola,1
dikembalikan,1
dikorbankan,-1
dikritik,-1
diktator,-1
diktatoris,-1
dikutuk,-1
dilarang,-1
dilebih-lebihkan,-1
dilecehkan,-1
dilema,-1
dilengkapi,1
dilenyapkan,-1
dimanjakan,1
dimarahi,-1
dimuntahkan,-1
dinamis,1
dinavigasi,1
ding,-1
dingin,-1
dinikmati,1
diperangi,-1
diperbaharui,1
dipercaya,1
diperingatkan,-1
diperkosa,-1
diperoleh,1
dipersonalisasi,1
dipertanyakan,-1
diplomatik,1
dipoles,1
diragukan,-1
dirampas,-1
direformasi,1
direkomendasikan,1
diremajakan,1
diremehkan,-1
direstrukturisasi,1
dirugikan,-1
dirusak,-1
disahkan,1
disalahgunakan,-1
disalahpahami,-1
disapointed,-1
disapointing,-1
discomfititure,-1
disebut-sebut,-1
disederhanakan,1
disengketakan,-1
disesalkan,-1
disesuaikan,1
disesuaikan,-1
disiram,-1
diskriminasi,-1
diskriminatif,-1
disonan,-1
disonansi,-1
disoobedient,-1
disorientasi,-1
disosial,-1
Disses,-1
dissing,-1
distains,-1
distorsi,-1
disubsidi,1
disukai,1
ditarik,1
ditegakkan,1
ditempa,-1
ditinggalkan,-1
ditingkatkan,1
ditipu,-1
ditolak,-1
diverifikasi,1
dogmatis,-1
dongkol,-1
Donside,-1
dorongan,1
dosa,-1
douchbag,-1
douchebag,-1
downer,-1
downgrade,-1
drastis,-1
drone,-1
drop-out,-1
duka,-1
dukun,-1
dukung,1
dukungan,1
dummy-proof,1
dumping,-1
dungu,-1
duniawi,-1
dupa,-1
durhaka,-1
duri,-1
dusta,-1
dusun,-1
ebullience,1
ebulliently,1
ecenomical,1
edan,-1
edukatif,1
efektif,1
efektivitas,1
efisien,1
efusi,1
efusif,1
egois,-1
egoisme,-1
egomania,-1
egosentris,-1
egotisme,-1
ejekan,-1
ekonomis,1
eksploitasi,-1
eksplosif,-1
ekstasi,1
ekstremis,-1
ekstremisme,-1
ekstrimis,-1
Elan,1
elastis,1
eliminasi,-1
elite,1
emas,1
empati,1
empatik,-1
empedu,-1
enak,1
energik,1
enflame,-1
enggan,-1
enrapt,1
ergonomis,1
erosi,-1
etis,1
euforia,1
evaluatif,1
exagerates,-1
eyecatching,1
eye-catching,1
Fajar,1
fallacy,-1
fanatik,-1
fanatisme,-1
fantastis,1
fantastis,-1
fasih,1
fasih,-1
fasis,-1
fasisme,-1
fatal,-1
fatalistically,-1
fatalistis,-1
fatamorgana,-1
fav,1
favorit,1
fawningly,-1
fecilitous,1
feminisasi,-1
fenomenal,1
fiksi,-1
film,-1
firasat,-1
firdaus,1
fitnah,-1
flat,-1
fleksibel,1
fleksibilitas,1
flicering,-1
fobi,-1
fobia,-1
fret,-1
frustrasi,-1
ftw,1
full-blown,-1
fundamentalisme,-1
funky,-1
futurestik,1
futuristik,1
gadungan,-1
gagah,1
gagal,-1
gagap,-1
gaib,1
gaib,-1
gairah,1
galls,-1
ganas,-1
gangguan,-1
ganjil,-1
garang,-1
garing,1
garu,-1
gasang,-1
gatal,-1
geekier,1
gegabah,-1
gejala,-1
gelandangan,-1
gelap,-1
gelisah,-1
gembar-gembor,-1
gembira,1
gempar,-1
gemuk,-1
gendut,-1
gengsi,1
genit,-1
genosida,-1
gen-teror,-1
genting,-1
gerah,-1
geram,-1
gerombolan,-1
gesekan,-1
geser,-1
gesit,1
gesper,-1
getah,-1
getaran,-1
ghetto,-1
ghosting,-1
giat,1
gigih,1
gigih,-1
gigil,-1
gila,-1
Gila,-1
gila-gilaan,-1
glamor,1
godaan,-1
goreng,-1
goresan,-1
gosip,-1
goyah,-1
goyangan,-1
gratis,1
Gratis,1
gua,-1
gugup,-1
Guncang,-1
gurun,-1
gusar,-1
habis,-1
hadiah,1
hakim,-1
halangan,-1
halus,1
halusinasi,-1
hama,-1
hambar,-1
hancur,-1
handier,1
hang,-1
hangat,1
hangat,-1
hardball,-1
harmoni,1
harmonis,1
Harried,-1
harta,1
harum,1
hasseling,-1
hasutan,-1
hati,1
hati-hati,-1
haus,-1
hawkish,-1
hebat,1
hebat,-1
heck,-1
heckles,-1
hedonistik,-1
hegemoni,-1
hegemonisme,-1
hegemonistik,-1
hemat,1
heran,1
heroik,1
hestitant,-1
hidup,1
hiliarious,-1
hina,-1
hiruk-pikuk,-1
histeri,-1
histeris,-1
hiu,-1
ho-hum,-1
hoodium,-1
hore,1
hormat,1
hubungan,1
hukuman,-1
humor,1
hutang,-1
hype,-1
iblis,-1
id,sentiment
ideal,1
idealnya,1
idilis,1
idiot,-1
idola,1
igauan,-1
ilahi,1
ilu,1
Iluminati,1
ilusi,-1
imajinatif,1
imajiner,-1
iman,1
impedansi,-1
imperialis,-1
impersonal,-1
implikasi,-1
impoten,-1
impresif,1
impulsif,-1
impunitas,-1
imut,1
indah,1
individual,1
indoktrinasi,-1
infalibilitas,1
infeksi,-1
inferior,-1
inferioritas,-1
infiltran,-1
inflasi,-1
inhibisi,-1
inimically,-1
inkonstitusionil,-1
inovasi,1
inovatif,1
insociable,-1
inspirasi,1
inspirasional,1
instrumental,1
Intefere,-1
inteferes,-1
integral,1
intelijen,1
intens,-1
interupsi,-1
intim,1
intimidasi,-1
intoleransi,-1
intrik,1
intrusi,-1
intuitif,1
invasif,-1
inventif,1
irama,1
irasional,-1
irasionalitas,-1
ireversibel,-1
iri,1
iri,-1
iritasi,-1
irks,-1
irksomeness,-1
irksomenesses,-1
ironi,-1
ironis,-1
ironisnya,-1
irragularitas,-1
irreplacible,-1
isolasi,-1
istimewa,1
istirahat,-1
isu,-1
jadah,-1
jahanam,-1
jahat,-1
jaminan,1
janggal,-1
janji,1
jarang,-1
jatuh,-1
jauh,-1
jebakan,-1
jelaga,-1
jelas,1
jelatang,-1
jelek,-1
jempol,1
jempolan,1
jenaka,1
jenaka,-1
jengkel,-1
jenius,1
jerat,-1
jerawat,-1
jerawatan,-1
jijik,-1
jompo,-1
juara,1
judes,-1
jujur,1
jujur,-1
kabur,-1
kabut,-1
kacau,-1
kafir,-1
kagum,1
kagum,-1
kaku,-1
kalah,1
kalah,-1
kambuh,-1
kampungan,-1
kandas,-1
kangen,-1
kanibal,-1
kanker,-1
kapak,-1
kaput,-1
karat,-1
karikatur,-1
karisma,1
karismatik,1
karper,-1
kartun,-1
kasar,-1
kasihan,-1
kaya,1
keadilan,1
keagungan,1
keajaiban,1
keanehan,-1
keanggunan,1
keangkeran,1
keangkuhan,-1
keaslian,1
kebahagiaan,1
kebaikan,1
kebajikan,1
kebal,1
kebanggaan,1
kebangkitan,1
kebanjiran,-1
kebaruan,1
kebebasan,1
kebenaran,1
kebencian,-1
keberanian,1
keberanian,-1
keberatan,-1
keberhasilan,1
keberlanjutan,1
keberpihakan,-1
kebersamaan,1
kebersihan,1
keberuntungan,1
kebesaran,1
kebesaran,-1
kebetulan,1
kebetulan,-1
kebiadaban,-1
kebiasaan,-1
kebijaksanaan,1
kebingungan,-1
kebisingan,-1
kebobolan,-1
kebocoran,-1
kebodohan,-1
kebohongan,-1
kebosanan,-1
kebotakan,-1
kebrutalan,-1
kebuntuan,-1
keburukan,-1
kecabulan,-1
kecakapan,1
kecanduan,-1
Kecantikan,1
kecantikan,1
kecelakaan,-1
kecemasan,-1
kecemburuan,1
kecemburuan,-1
kecemerlangan,1
kecenderungan,-1
kecepatan,1
kecerdasan,1
kecerdikan,1
keceriaan,1
kecerobohan,-1
kecewa,-1
kecil,-1
kecurangan,-1
kecurigaan,-1
kedaluwarsa,-1
kedangkalan,-1
kedekatan,-1
kedengkian,-1
keefektifan,1
keemasan,1
keengganan,-1
kefanatikan,-1
kegagalan,-1
keganasan,-1
kegarangan,-1
kegelapan,-1
kegelisahan,-1
kegembiraan,1
kegemparan,-1
kegemukan,-1
kegigihan,1
kegilaan,-1
kegoyangan,-1
kegugupan,-1
kehabisan,-1
kehancuran,-1
kehangatan,1
kehebohan,-1
keheranan,1
kehilangan,-1
kehinaan,-1
kehormatan,1
keindahan,1
keinginan,1
keintiman,1
kejahatan,-1
kejam,-1
Kejam,-1
kejang,-1
kejanggalan,-1
kejatuhan,-1
kejelasan,1
kejelekan,-1
kejengkelan,-1
keji,-1
kejujuran,1
kekacauan,-1
kekaguman,1
kekakuan,-1
kekal,1
kekalahan,1
kekalahan,-1
kekanak-kanakan,-1
kekasaran,-1
kekasih,1
kekayaan,1
kekecewaan,-1
kekejaman,-1
kekejian,-1
kekeliruan,-1
kekenyangan,-1
kekerasan,-1
kekeringan,-1
kekesalan,-1
kekhawatiran,-1
kekosongan,-1
kekotoran,-1
kekuatiran,-1
kekuningan,1
kekurangan,-1
kekurangannya,-1
kekurangpekaan,-1
kekusutan,-1
kelalaian,-1
kelambanan,-1
kelancangan,-1
kelangkaan,-1
kelaparan,-1
kelayakan,1
kelelahan,-1
kelemahan,-1
Kelemahan,-1
kelemahannya,-1
kelembutan,-1
kelesuan,-1
keletihan,-1
kelezatan,1
kelicikan,-1
kelimpahan,1
kelincahan,1
keliru,-1
keluar,-1
kelucuan,1
keluhan,-1
kelupaan,-1
kemacetan,-1
kemajuan,1
kemakmuran,1
kemalangan,-1
kemalasan,-1
kemampuan,1
kemandirian,1
kemantapan,1
kemarahan,-1
kemasyhuran,1
kemasyhuran,-1
kematangan,1
kematian,-1
kembali,-1
kemegahan,1
kemelaratan,-1
kemenangan,1
kemenduaan,-1
kemerosotan,-1
kemewahan,1
kemiskinan,-1
kemudahan,1
Kemuliaan,1
kemunafikan,-1
kemunduran,-1
kemustahilan,-1
kendala,-1
kendor,-1
kendur,-1
kenekatan,-1
kenikmatan,1
kental,-1
kenyamanan,1
kepahitan,-1
kepercayaan,1
kepincut,1
keprihatinan,-1
kepuasan,1
keputusasaan,-1
keracunan,-1
keraguan,-1
keramahan,1
keramaian,-1
kerangka,-1
keranjingan,1
keras,-1
kerasnya,-1
kerdil,-1
kerelaan,1
keren,1
kerepotan,-1
kereta,-1
keretakan,-1
keriangan,1
keriangan,-1
keributan,-1
kerinduan,-1
kering,-1
keriput,-1
keriuhan,-1
kerja,1
kerlip,-1
keroncongan,-1
kerub,1
kerugian,-1
keruh,-1
kerusakan,-1
kerusuhan,-1
kerut,-1
keruwetan,-1
kesabaran,1
kesakitan,-1
kesal,-1
kesalahan,-1
kesalahpahaman,-1
kesalehan,1
kesamaan,-1
kesan,1
kesatuan,1
kesayangan,1
kesedihan,-1
keseganan,-1
kesegeraan,-1
kesehatan,1
kesejahteraan,1
kesembronoan,1
kesembronoan,-1
kesempurnaan,1
kesempurnaan,-1
kesemutan,-1
kesenangan,1
kesendirian,-1
kesengitan,-1
kesengsaraan,-1
kesepian,-1
keserakahan,-1
keserbagunaan,1
keseriusan,-1
kesesakan,-1
kesesuaian,1
kesetiaan,1
kesia-siaan,-1
kesombongan,-1
kesopanan,1
kesucian,1
kesukaan,1
kesulitan,-1
kesungguhan,1
kesuraman,-1
kesusahan,-1
kesyahidan,-1
ketabahan,1
ketabahan,-1
ketajaman,1
ketajaman,-1
ketakberanian,-1
ketakutan,-1
ketamakan,-1
ketat,-1
ketegangan,-1
ketegasan,1
ketekunan,1
ketenangan,1
ketenangan,-1
ketenaran,1
keterbatasan,-1
keterbelakangan,-1
keterbukaan,1
keterlaluan,-1
keterlambatan,-1
ketiadaan,-1
ketidakabsahan,-1
ketidakadilan,-1
ketidakakuratan,-1
ketidakamanan,-1
ketidakbahagiaan,-1
ketidakberdayaan,-1
ketidakbijaksanaan,-1
ketidakcakapan,-1
ketidakcocokan,-1
ketidakcukupan,-1
ketidakefektifan,-1
ketidakefisienan,-1
ketidakjelasan,-1
ketidakjujuran,-1
ketidakkasihan,-1
ketidakkonsistenan,-1
ketidaklogisan,-1
ketidakmampuan,-1
ketidakmungkinan,-1
ketidakmurnian,-1
ketidakpahaman,-1
ketidakpantasan,-1
ketidakpedulian,-1
ketidakpercayaan,-1
ketidakpuasan,-1
ketidakrelevanan,-1
ketidaksabaran,-1
ketidaksamaan,-1
ketidakseimbangan,-1
ketidaksempurnaan,-1
ketidaksenangan,-1
ketidaksenonohan,-1
ketidaksetaraan,-1
ketidaksetiaan,-1
ketidaksetujuan,-1
ketidaksopanan,-1
ketidakstabilan,-1
ketidaktelitian,-1
ketidaktepatan,-1
ketidakteraturan,-1
ketidaktulusan,-1
ketinggalan,-1
ketrampilan,1
ketukan,-1
ketulusan,1
keunggulan,1
keuntungan,1
kewajiban,-1
kewalahan,-1
kewaspadaan,1
kewaspadaan,-1
keyakinan,1
kezaliman,-1
khawatir,-1
khayalan,-1
khayali,-1
khianat,-1
khusus,1
kiamat,-1
kikir,-1
kikuk,-1
kilau,1
kios,-1
kisi,-1
klasik,1
klik,-1
klise,-1
knalpot,-1
koheren,1
koherensi,1
kokoh,1
kolot,-1
kolusi,-1
komitmen,1
kompak,1
kompetitif,1
kompleks,-1
komplikasi,-1
komplotan,-1
kompong,-1
konflik,-1
konfrontasi,-1
konsen,-1
konservatif,-1
konsesi,-1
konsisten,1
konspirasi,-1
konspiratif,-1
konspirator,-1
konstruktif,1
kontaminasi,-1
kontensius,-1
kontinuitas,1
kontol,-1
kontra,-1
kontradiksi,-1
kontradiktif,-1
kontraproduktif,-1
kontras,1
kontribusi,1
kontroversi,-1
kontroversial,-1
konyol,-1
kook,-1
kooky,-1
kooperatif,1
korban,-1
korosi,-1
korosif,-1
korup,-1
korupsi,-1
kotor,-1
kotoran,-1
kram,-1
kreatif,1
kredibel,1
krisis,-1
kritik,-1
kritikus,-1
kritis,-1
kronis,-1
kronisme,-1
kuat,1
kuat,-1
kumuh,-1
kuno,-1
kurang,-1
kurus,1
kurus,-1
kusut,-1
kutukan,-1
labu,-1
lagu,1
lalai,-1
lalim,-1
lama,-1
lamban,-1
lambast,-1
lambat,-1
lancang,-1
lancar,1
lancar,-1
landasan,1
langka,-1
Lanjutkan,-1
lantai,-1
lantang,-1
lapang,1
larangan,-1
larut,-1
latensi,-1
lawan,-1
layak,1
layak,-1
lebihan,-1
LED,1
ledakan,1
ledakan,-1
legendaris,1
leha,-1
lekir,-1
lekuk,-1
lelah,-1
lelucon,-1
lemah,-1
lemak,-1
lemas,-1
lembab,-1
lembek,-1
lembut,1
lembut,-1
lemon,-1
lendir,-1
lengket,-1
lereng,-1
lesu,-1
letal,-1
letch,-1
letih,-1
letusan,-1
lezat,1
liar,-1
licik,-1
licin,1
lier,-1
limbah,-1
limbung,-1
lincah,1
lincah,-1
linglung,-1
lintah,-1
lirik,-1
liris,1
logis,1
longgar,-1
loyalitas,1
loyo,-1
luas,1
lucu,1
lucu,-1
lucu-namun-provokatif,-1
luka,-1
lumayan,1
lumpuh,-1
lumpur,-1
lupa,-1
lusuh,-1
luwes,1
Maaf,1
Maaf,-1
mabuk,-1
macet,-1
mafia,-1
mahal,-1
mahir,1
main-main,1
maju,1
makanan,1
makian,-1
makmur,1
Makmur,1
malaikat,1
malang,-1
malapetaka,-1
malas,-1
maledik,-1
malu,-1
malu-malu,-1
mampu,1
mandek,-1
manfaat,1
mangles,-1
mangling,-1
mania,-1
manik,-1
manipulasi,-1
manipulatif,-1
manipulator,-1
manis,1
manja,1
manja,-1
manjur,1
mantap,-1
manusiawi,1
mapan,1
marah,-1
marjinal,-1
martabat,1
masalah,-1
Masalah,-1
masam,-1
matang,1
mati,-1
mati-murah,1
mati-on,1
matte,-1
mawkishly,-1
megah,1
megah,-1
mekar,1
melalaikan,-1
melambat,-1
melampaui,1
melampiaskan,-1
melancarkan,-1
melanggar,-1
melankolis,-1
melarang,-1
melayu,-1
melebihi,1
melebih-lebihkan,-1
melecehkan,-1
meledak,-1
melelahkan,-1
melemahkan,-1
melengkapi,1
melengking,-1
melengkung,-1
melenyapkan,-1
melepaskan,-1
melepuh,-1
Meleset,-1
meleset,-1
melibatkan,-1
melimpahi,-1
melindungi,1
melodramatik,-1
melongo,-1
melorot,-1
melukai,-1
meluluhkan,-1
melumpuhkan,-1
melunakkan,-1
meluruskan,1
memabukkan,-1
memadai,1
memadamkan,-1
memaksa,-1
memaksakan,-1
memalsukan,-1
memalukan,-1
memamerkan,-1
memanaskan,-1
memancing,-1
memanipulasi,-1
memanjakan,1
memanjakan,-1
memar,-1
memarahi,-1
memarahkan,-1
memarut,-1
memastikan,1
mematikan,-1
membagi,-1
membahagiakan,1
membahayakan,-1
membaik,1
membakar,-1
membalas,-1
membalikkan,-1
membanjiri,-1
membantah,-1
membantu,1
membara,-1
membatalkan,-1
membatasi,-1
membatu,-1
membayar,1
membebani,-1
membebaskan,1
membedakan,-1
membeku,-1
membekukan,-1
membelit,-1
membenci,-1
memberanikan,1
memberatkan,-1
memberdayakan,1
memberkati,1
memberontak,-1
membersihkan,1
membesut,1
membiasakan,1
membinasakan,-1
membingungkan,-1
membodohi,-1
membohong,-1
memboikot,-1
membolos,-1
membombardir,-1
membongkar,-1
memboroskan,-1
membosankan,-1
membuang,-1
membuat,-1
membudayakan,1
membujuk,1
membujuk,-1
membuktikan,1
membunuh,-1
memburuk,-1
memburukkan,-1
membusuk,-1
membutakan,-1
memecat,-1
memelihara,1
memeluk,1
memenjarakan,-1
memeras,-1
memerciki,-1
memeriahkan,1
memerintahkan,-1
memfitnah,-1
memikat,1
memikat,-1
memilukan,-1
memimpin,1
memisahkan,-1
memiskinkan,-1
memohon,-1
memotong,-1
memparalelkan,-1
memperbaiki,1
memperberat,-1
memperbudak,-1
mempercantik,1
mempercayakan,1
memperdaya,-1
memperdayakan,-1
memperkaya,1
memperkosa,-1
memperlambat,-1
memperlemah,-1
mempermanis,1
mempersiapkan,-1
mempesona,1
mempesona,-1
mempolemikkan,-1
mempropagandakan,-1
memprotes,-1
memprovokasi,-1
memuakkan,-1
memuaskan,1
memudahkan,1
memuja,1
memujanya,1
memuji,1
memukau,1
memukul,-1
memuliakan,1
memulihkan,1
memungkiri,-1
memuntahkan,-1
memurahkan,-1
memurnikan,1
memusnahkan,-1
memutar,-1
memutarbalikkan,-1
memutuskan,-1
memviliasikan,-1
menabrak,-1
menahan,-1
menakjubkan,1
menakjubkan,-1
menakuti,-1
menakutkan,-1
menambah,1
menampar,-1
menanamkan,-1
menang,1
menangis,-1
menantang,-1
menarik,1
menarik,-1
menasihati,-1
menaungi,-1
menawan,1
mencabut,-1
mencaci,-1
mencampuri,-1
mencap,-1
mencekik,-1
mencela,-1
mencemari,-1
mencemarkan,-1
mencemaskan,-1
mencemooh,-1
mencemoohkan,-1
mencengangkan,1
mencerahkan,1
mencibir,-1
mencicit,-1
mencium,-1
mencolok,-1
mencopoti,-1
mencubit,-1
mencuri,-1
mencurigakan,-1
mendadak,-1
mendakwa,-1
mendalam,1
mendamaikan,1
mendapatkan,1
mendatang,-1
mendebarkan,1
mendeklamasikan,-1
mendemonstrasikan,-1
menderita,-1
mendesak,-1
mendesis,-1
mendewakan,1
mendidih,-1
mendiskreditkan,-1
mendistorsi,-1
mendominasi,1
mendominasi,-1
mendorong,1
menduduki,-1
mendukung,1
menebus,1
menegakkan,1
menegaskan,1
menegur,-1
menekan,-1
menekankan,-1
menelan,-1
menenangkan,1
menentang,-1
menentukan,1
menerangi,1
menerima,1
meneror,-1
menetes,-1
mengabaikan,-1
mengaburkan,-1
mengacaukan,-1
mengaduk,1
mengagetkan,-1
mengagumi,1
mengagumkan,1
mengagungkan,1
mengairi,-1
mengakali,1
mengaku,-1
mengalah,1
mengalah,-1
mengalahkan,1
mengalahkan,-1
mengalami,-1
mengalihkan,-1
mengamputasi,-1
mengamuk,-1
mengancam,-1
menganggap,1
mengangkat,1
menganiaya,-1
menganjurkan,1
mengarah,1
mengasyikkan,1
mengatakan,-1
mengatasi,1
mengebiri,-1
mengecam,-1
mengecewakan,-1
mengecoh,1
mengejek,-1
mengejuntukan,-1
mengejutkan,-1
mengeksploitasi,-1
mengelak,-1
mengeluarkan,-1
mengeluh,-1
mengelupas,-1
mengemis,-1
mengendapkan,-1
mengepung,-1
mengerang,-1
mengeras,-1
mengerikan,-1
Mengerikan,-1
mengering,-1
mengerti,1
mengerut,-1
mengesahkan,1
mengesalkan,-1
mengesankan,1
mengesankan,-1
menggagalkan,-1
menggairahkan,1
menggampangkan,-1
mengganggu,-1
menggantikan,-1
menggantung,-1
menggaruk,-1
menggarut,-1
menggasak,-1
menggelapkan,-1
menggelegar,-1
menggelenyar,1
menggelepar,-1
menggeliat,-1
menggelikan,-1
menggelisahkan,-1
menggelitik,1
menggembirakan,1
menggemparkan,1
menggemparkan,-1
menggeram,-1
menggerenyet,-1
menggertak,-1
menggerutu,-1
menggigil,-1
menggigit,-1
menggila,-1
menggiling,-1
menggoda,1
menggoda,-1
menggoyang,-1
menggugah,1
menggugat,-1
menggugurkan,-1
menggulingkan,-1
menggusarkan,-1
menghadapi,-1
menghadiahkan,1
menghajar,-1
menghalangi,-1
menghalau,-1
menghaluskan,1
menghambat,-1
menghancurkan,-1
menghantui,-1
menghapus,-1
menghapuskan,-1
menghargai,1
menghasut,-1
menghebohkan,-1
mengherankan,1
mengherankan,-1
menghibur,1
menghilangkan,-1
menghina,-1
menghindar,-1
menghindari,-1
menghormati,1
menghujat,-1
menghukum,-1
mengidealkan,1
mengigau,-1
mengikis,-1
mengilhami,1
mengindoktrinasikan,-1
menginginkan,1
mengingkari,-1
menginjak-injak,-1
menginspirasi,1
mengintai,-1
mengintimidasi,-1
mengintip,-1
mengiritasi,-1
mengisap,-1
mengisyaratkan,1
mengkhawatirkan,-1
mengkhianati,-1
mengkritik,-1
mengoceh,-1
mengolesi,-1
mengomel,-1
mengorbankan,-1
mengotori,-1
mengotorkan,-1
mengoyakkan,-1
menguap,-1
menguasai,1
menguasai,-1
mengumpat,-1
mengungguli,1
menguntungkan,1
mengurangi,-1
menguras,-1
mengusir,-1
mengutak-atik,-1
mengutuk,-1
meniadakan,-1
menidurkan,-1
menikmati,1
menikmatkan,1
menilai,-1
menimbulkan,-1
menimpa,-1
menindas,-1
meninggal,-1
meninggalkan,-1
meninggikan,1
meningkat,-1
meningkatkan,1
meninju,-1
menipu,-1
meniru,1
menjamin,1
menjanjikan,1
menjarah,-1
menjatuhkan,-1
menjauhkan,-1
menjelekkan,-1
menjemukan,-1
menjengkelkan,-1
menjerit,-1
menjijikan,-1
menjijikkan,-1
menodai,-1
menolak,-1
menonjol,1
menonjol,-1
menopang,-1
menstabilkan,1
menstimulasi,1
mensubsidi,1
mentah,-1
menuduh,-1
menular,-1
menumbangkan,-1
menunda,-1
menunda-nunda,-1
menundukkan,-1
menuntut,-1
menurun,-1
menurunkan,-1
menusuk,-1
menutrisi,1
menyakiti,-1
menyakitkan,-1
menyakitkanl,-1
menyala,1
menyala,-1
menyalahgunakan,-1
menyalahkan,-1
menyalip,1
menyangkal,-1
menyanjung,1
menyapa,-1
menyapu,-1
menyaring,1
menyayangkan,-1
menyebalkan,-1
menyederhanakan,1
menyedihkan,-1
menyegarkan,1
menyelaraskan,1
menyelesaikan,1
menyelinap,-1
menyembuhkan,1
menyembunyikan,-1
menyenangkan,1
menyengat,-1
menyentakkan,-1
menyerah,-1
Menyerah,-1
menyeramkan,-1
menyerang,-1
menyerbu,-1
menyeret,-1
menyeringai,1
menyesal,-1
menyesali,-1
menyesatkan,-1
menyetujui,1
menyiangi,-1
menyihir,-1
menyiksa,-1
menyilaukan,1
menyimpang,-1
menyindir,-1
menyinggung,-1
menyolok,1
menyolok,-1
menyubsidi,1
menyukai,1
menyumbat,-1
menyumpahi,-1
menyusahkan,-1
menyusul,1
menyusup,-1
menyusut,-1
meracuni,-1
meradang,-1
meragukan,-1
merajalela,-1
merajuk,-1
merampas,-1
merana,-1
merancang,-1
merangsang,1
meratap,-1
meratapi,-1
merayakan,1
merayap,-1
merayu,1
merebut,-1
mereda,1
meredakan,1
merekomendasikan,1
meremajakan,1
meremas,-1
meremehkan,-1
merencanakan,-1
merendahkan,1
merendahkan,-1
merengek,-1
merenung,-1
merepotkan,-1
meresahkan,-1
meresap,-1
merestrukturisasi,1
meretas,-1
merevolusi,1
merevolusionerkan,1
meriah,1
meriangkan,1
mericau,-1
meringis,-1
merobek,-1
merokok,-1
meromantiskan,1
merongrong,-1
merosot,-1
merugikan,-1
merusak,-1
merusakkan,-1
meskipun,-1
messes,-1
mewah,1
meyakinkan,1
militansi,-1
minat,1
minim,-1
miring,-1
misbecoming,-1
miskin,-1
Misteri,-1
mitos,-1
modern,1
modis,1
momok,-1
montok,1
monumental,1
moralitas,1
mual,-1
mubazir,-1
mudah,1
mujarab,1
mulia,1
multi-polarisasi,-1
mulus,1
munafik,-1
mundur,-1
mungil,-1
muntah,-1
muntahan,-1
murah,1
murah,-1
murahan,-1
muram,-1
murka,-1
murni,1
murung,-1
musibah,-1
muslihat,-1
mustahil,-1
musuh,-1
naif,-1
najis,-1
nakal,-1
nasib,1
negatif,-1
nekat,-1
nenek,-1
nepotisme,-1
neraka,-1
neurotik,-1
ngambek,-1
ngawur,-1
ngeri,-1
ngobrol,-1
ngomel,-1
niggle,-1
niggles,-1
Nikmati,1
nikmati,1
nitpick,-1
nitpicking,-1
noda,-1
non-aktif,-1
nonaktifkan,-1
norak,-1
nurani,-1
nyali,1
nyaman,1
nyaring,-1
nyata,1
nyenyak,1
nyonya,-1
oasis,1
obat,1
obrolan,-1
obsesi,1
obsesi,-1
obsesif,-1
obyek,-1
ocehan,-1
ofensif,-1
oklusi,-1
omelan,-1
oportunistik,-1
optimal,1
optimis,1
optimisme,1
otokrat,-1
otokratis,-1
otonom,1
otoriter,-1
overact,-1
overacted,-1
over-hyped,-1
overtaxed,-1
overzelous,-1
padat,1
padat,-1
pagar,-1
pahit,-1
pahlawan,1
paksaan,-1
palsu,-1
Palsu,-1
panas,1
panas,-1
panci,-1
panders,-1
panggilan,-1
panik,-1
panjang,-1
panorama,1
pantas,1
paradoksal,-1
parah,-1
paranoia,-1
paranoid,-1
parasit,-1
paria,-1
parodi,-1
partisan,-1
pasif,-1
pasti,1
patah,-1
patriot,1
patriotik,1
patuh,1
patuh,-1
patung,-1
payudara,-1
pecah,-1
pecandu,-1
pecundang,-1
pedas,-1
pedih,1
peka,1
pekik,-1
pelabuhan,-1
pelacur,-1
pelalaian,-1
pelamun,1
pelanggar,-1
pelanggaran,-1
pelawak,-1
pelemahan,-1
pelengkap,1
pelit,-1
pelonggaran,1
pelupa,-1
pemabuk,-1
pemalsuan,-1
pemarah,-1
pembakar,-1
pembakaran,-1
pembalasan,-1
pembangkang,-1
pembangkangan,-1
pembantaian,-1
pembaruan,1
pembebasan,1
pembekuan,-1
pembela,1
pembela,-1
pembenci,-1
pembengkakan,-1
pemberang,-1
Pemberdayaan,1
pemberontakan,-1
pembersih,1
pembetulan,1
pembohong,-1
pembongkar,-1
pemborosan,-1
pembual,-1
pembuangan,-1
pembuatan,-1
pembubaran,-1
pembunuh,-1
pembunuhan,-1
pembusukan,-1
pemecahan,-1
pemegatan,-1
pemenang,1
pemenuhan,1
pemerasan,-1
pemfitnah,-1
pemisahan,-1
pemukulan,-1
pemulihan,1
pemusnahan,-1
pemutarbalikan,-1
penaklukan,-1
penakut,-1
penalti,-1
penangkapan,-1
pencegah,-1
pencemar,-1
pencerahan,1
pencinta,1
pencurian,-1
pendapat,-1
pendendam,-1
penderita,-1
penderitaan,-1
pendewaan,1
pendukung,1
penebusan,1
penekanan,-1
penerima,1
penerobosan,1
pengabaian,-1
pengacau,-1
pengaduan,-1
pengagum,1
pengakuan,-1
pengampunan,1
penganggur,-1
pengangguran,-1
pengangkatan,1
penganiaya,-1
penganiayaan,-1
pengap,-1
pengaruh,1
pengasingan,-1
pengasuhan,1
pengeboman,-1
pengecualian,-1
pengecut,-1
pengemis,-1
pengenaan,-1
pengepungan,-1
pengeringan,-1
pengganggu,-1
pengganti,-1
penggemar,1
penggerutu,-1
penghancuran,-1
penghargaan,1
Penghargaan,1
penghasut,-1
penghemat,1
penghematan,1
penghiburan,1
penghinaan,-1
penghindaran,-1
penghormatan,1
penghukuman,-1
pengingatan,-1
pengingkaran,-1
pengkhianat,-1
pengkhianatan,-1
pengkritik,-1
pengobrol,-1
pengotor,-1
penguasaan,1
pengumpatan,-1
pengurangan,-1
pengusiran,-1
penindas,-1
penindasan,-1
peninggian,1
peningkatan,1
penipu,-1
penipuan,-1
penistaan,-1
penjahat,-1
penjara,-1
penjarah,-1
penolakan,-1
penting,1
penuh,1
penuh,-1
penundaan,-1
penurunan,-1
penurut,-1
penyakit,-1
penyalahgunaan,-1
penyangkalan,-1
penyayang,1
penyediaan,1
penyelamat,1
penyelewengan,-1
penyerbu,-1
penyergapan,-1
penyesalan,-1
penyesat,-1
penyiksaan,-1
penyimpangan,-1
penyintas,1
penyok,-1
penyuapan,-1
penyuburan,1
penyusup,-1
pepping,1
peps,1
peradangan,-1
perampas,-1
perampasan,-1
perangkap,-1
perayaan,1
perbaikan,1
perbedaan,1
perbudakan,-1
perdamaian,1
Perdana,1
perebut,-1
peredam,-1
pergi,-1
pergolakan,-1
perhatian,1
perhatian,-1
periang,1
peringatan,-1
perjanjian,1
perjuangan,-1
perlawanan,-1
perlindungan,1
permata,1
permohonan,-1
permusuhan,-1
perpecahan,-1
persahabatan,1
persaingan,-1
persaudaraan,1
perselisihan,-1
persetujuan,1
Persik,1
pertempuran,-1
pertengkaran,-1
pertentangan,-1
pertikaian,-1
perubahan,-1
perusak,-1
perzinahan,1
pesimis,-1
pesimisme,-1
pesimistis,-1
pesona,1
pesta,-1
pesuruh,-1
petaka,-1
pettifog,-1
petualang,1
petualangan,-1
pezina,-1
PHK,-1
PHK-senang,-1
piala,1
picik,-1
pidana,-1
piket,-1
pikun,-1
pilih-pilih,-1
pingsan,-1
pintar,1
pisau,-1
plus,1
plusses,1
polarisasi,-1
polusi,-1
populer,1
portabel,1
positif,1
postur,-1
prasangka,-1
pratfall,-1
prestasi,1
pricier,-1
prihatin,-1
prik,-1
primitif,-1
pro,1
proaktif,1
produktif,1
progresif,1
promotor,1
propaganda,-1
prospros,1
protektif,1
protes,-1
provokasi,-1
provokatif,-1
puas,1
pucat,-1
puitis,1
pujian,1
pukulan,-1
pulih,1
puncak,1
punk,-1
pusing,-1
putus,-1
racun,-1
radang,-1
radikal,-1
radikalisasi,-1
ragu-ragu,-1
rahmat,1
rajin,1
rajin,-1
raksasa,-1
ramah,1
ramai,-1
rampasan,-1
rangsang,1
rapi,1
rapuh,-1
rasional,1
rasis,-1
rasisme,-1
rata,1
reaksioner,-1
realistis,1
rebus,-1
recourses,-1
redundansi,-1
redup,-1
reformasi,1
regangan,-1
regresi,-1
regresif,-1
rekomendasi,1
rekonsiliasi,1
rel,-1
rela,1
remeh,-1
Renaisans,1
rendah,-1
renggang,-1
rentan,-1
represi,-1
represif,-1
reputasi,1
reruntuhan,-1
resah,-1
reseptif,1
resesi,-1
resmi,-1
responsif,1
restrukturisasi,1
retak,-1
retard,-1
retas,-1
retorik,-1
retoris,-1
revitalisasi,1
revolusioner,1
rewel,-1
reyot,-1
rhapsodize,-1
riang,1
ribut,-1
Rindu,-1
ringan,1
ringkas,1
risiko,-1
riuh,-1
robek,-1
roboh,-1
rockstar,1
rohani,1
rollercoaster,-1
romantis,1
rongseng,-1
rontok,-1
ruam,-1
ruangan,1
rumit,1
rumit,-1
rumor,-1
runtuh,-1
rusak,-1
rusuh,-1
sabar,1
sabotase,-1
sah,1
saingan,-1
sakit,-1
sakitan,-1
salah,-1
Salah,-1
salut,1
samar,-1
samaran,-1
sambilan,-1
sampah,-1
sandera,-1
sangat,1
sangat,-1
sanggahan,-1
sanjungan,1
santai,1
santo,1
santun,1
sarankan,1
sarkasme,-1
sarkastik,-1
satiris,-1
sayang,1
sayangnya,-1
scandel,-1
scently,-1
scorchingly,-1
secepatnya,1
sederhana,1
sederhana,-1
sedih,-1
sedikit,-1
segan,-1
segar,1
segera,1
segera,-1
sehat,1
seimbang,1
sejahtera,1
sekam,-1
sekarat,-1
sekop,-1
seksi,1
selai,-1
selamat,1
Selamat,1
selang,-1
selayaknya,1
selektif,1
selokan,-1
semangat,1
sembarangan,-1
sembrono,-1
sementara,-1
sempit,-1
sempurna,1
semrawut,-1
semuanya,1
senang,1
sendirian,-1
sengaja,1
sengit,-1
sengsara,-1
sensasi,1
sensasional,1
sensasionalkan,-1
sentakan,-1
sepakan,-1
sepatutnya,1
sepele,1
sepele,-1
sepi,-1
serakah,-1
seram,-1
serampangan,-1
serangan,-1
serempak,-1
seret,-1
serius,-1
serpihan,-1
sesat,-1
sesuai,1
sesungguhnya,1
setan,-1
setia,1
setrum,-1
setuju,1
sewenang-wenang,-1
shalat,-1
Sial,-1
sial,-1
sialan,-1
siap,1
sia-sia,-1
sibuk,-1
sigap,1
sihir,1
siksaan,-1
silau,1
silau,-1
sindiran,-1
sindroma,-1
singkat,-1
singkatnya,-1
sinis,-1
sinisme,-1
siput,-1
sisa-sisa,-1
siuman,-1
skandal,-1
skeptis,-1
slammin,1
slog,-1
slogged,-1
slogging,-1
sloooooooooooooow,-1
sloooow,-1
slooow,-1
slowww,-1
slowwww,-1
snarky,-1
so-cal,-1
solidaritas,1
sombong,-1
sopan,1
sosial,1
spektakuler,1
spontan,1
spoonfed,-1
sporadis,-1
sporty,1
stabil,1
stabilitas,1
stagnasi,-1
state-of-the-art,1
statis,-1
stereotip,-1
stigma,-1
stres,-1
suar,-1
suara,-1
sublim,1
sub-par,-1
substantif,1
subur,1
subversi,-1
subversif,-1
suci,1
suka,1
Suka,1
sulit,1
sulit,-1
sumbang,-1
sungguh,1
sungguh,-1
sungguh-sungguh,1
super,1
supremasi,1
supurb,1
supurbly,1
suram,-1
surga,1
surgawi,1
swasembada,1
syok,-1
syukur,1
syukurlah,1
taat,1
tabah,1
tabah,-1
tabu,-1
tabungan,1
tajam,1
tajam,-1
taji,-1
takdir,1
takhyul,-1
takjub,1
takut,-1
takzim,1
tamak,-1
tampan,1
tamparan,-1
tanda,1
tandus,-1
tangguh,1
tangkas,1
tangki,-1
tank,-1
tanpa,-1
tantangan,-1
tawanan,-1
tawar,1
tawar-menawar,-1
tebal,-1
teduh,-1
tegang,-1
tegar,-1
tegas,1
tegas,-1
teguh,1
teguran,-1
tekun,-1
teladan,1
telanjang,-1
teliti,1
tembel,-1
tempa,-1
tenang,1
tenggelam,-1
tenggelamnya,-1
tengkar,-1
tepat,1
teralienasi,-1
teralihkan,-1
teramat,-1
terampil,1
teraneh,-1
terang,1
terangsang,-1
terang-terangan,-1
terasing,-1
teratas,1
terbaik,1
terbakar,-1
terbalik,-1
terbatas,-1
terbelakang,-1
terbentur,-1
terberat,1
terbersih,1
terbodoh,-1
terbuang,-1
terbukti,1
terbunuh,-1
terburu-buru,-1
terburuk,-1
tercela,-1
tercemar,-1
tercengang,1
tercepat,1
tercinta,1
tercium,-1
terdeginifikasi,1
terdengar,1
terdistorsi,-1
terfragmentasi,-1
tergagap,-1
terganggu,-1
tergantikan,1
tergenang,-1
tergesa-gesa,-1
tergores,-1
terhalang,-1
terhambat,-1
terhebat,1
terhina,-1
terhormat,1
terhuyung-huyung,-1
teriak,-1
teriakan,-1
terik,-1
terinfeksi,-1
terintegrasi,1
terjal,-1
terjangkau,1
terjawab,-1
terkejut,-1
terkelupas,-1
terkemuka,1
terkena,-1
terkenal,1
terkenal,-1
terkesan,1
terkesiap,-1
terkesima,-1
terkilir,-1
terkontaminasi,-1
terkuat,1
terkulai,-1
terkupas,-1
terkuras,-1
terkutuk,-1
terlalu,-1
terlambat,-1
terlampaui,1
terlantar,-1
terlarang,-1
terlepas,-1
terlibat,-1
termiskin,-1
termotivasi,1
termudah,1
termurah,1
ternama,1
ternoda,-1
terobosan,1
terompet,1
teror,-1
terorisme,-1
terpanas,1
terpelajar,1
terpencil,-1
terpenting,1
terperangkap,-1
terperanjat,-1
terpercaya,1
terpesona,1
terpuji,1
terpukul,-1
terputus-putus,-1
tersakiti,-1
tersandung,-1
tersangka,-1
tersangkut,-1
tersebar,-1
tersedak,-1
tersedia,1
terselubung,-1
tersembunyi,-1
tersendat,-1
tersenyum,1
terseret,-1
tersiksa,-1
tersinggung,-1
tersumbat,-1
tertarik,1
tertegun,1
tertekan,1
tertekan,-1
tertib,1
tertinggal,-1
tertinggi,1
tertipu,-1
tertutup,-1
terurai,-1
terutama,1
terutama,-1
tetap,1
tiba-tiba,-1
tidur,-1
tikungan,-1
tikus,-1
timbunan,-1
tinju,-1
tipis,-1
tiran,-1
titillating,1
tokoh,1
tolak,-1
tolol,-1
tolong,-1
top-berat,-1
torrent,-1
totaliter,-1
tragedi,-1
tragis,-1
transparan,1
trauma,-1
traumatis,-1
truf,1
tuan,1
tuduhan,-1
tuli,-1
tulus,1
tumpah,-1
tumpul,-1
tunggul,-1
tusukan,-1
uap,-1
ulet,1
ultimatum,-1
ulung,1
umpan,-1
umpat,-1
umpatan,-1
underdog,-1
undid,-1
unggul,1
unilateralisme,-1
unipolar,-1
untung,1
untungnya,1
usang,-1
usil,-1
usul,1
utuh,1
vagina,-1
variasi,1
virus,-1
visioner,1
vulgar,-1
wabah,-1
wack,-1
wahyu,1
wahyu,-1
wajib,-1
wakil,-1
waras,1
waria,-1
warung,-1
waspada,1
waspada,-1
Waspadalah,-1
wastafel,-1
wayang,-1
well-backlit,1
whoa,1
whooa,1
whoooa,1
won,1
Wow,1
wow,1
wrip,-1
wripped,-1
wripping,-1
ya,1
yay,1
zaps,-1
zombi,-1
